Workbook

Sheet Segunda
A1: Data | B1: 46212
A2: Segunda Feira | B2: Total | C2: =SUM(C4:C151) -> 0
A3: Placa | B3: Seguradora | C3: valor

Sheet Terça
A1: Data
A2: Terça feira | B2: Total | C2: =SUM(C4:C151) -> 0
A3: Placa | B3: Seguradora | C3: valor

Sheet Quarta
A1: Data
A2: Quarta Feira | B2: Total | C2: =SUM(C4:C151) -> 0
A3: Placa | B3: Seguradora | C3: valor

Sheet Quinta
A1: Data
A2: Quinta feira | B2: Total | C2: =SUM(C4:C151) -> 0
A3: Placa | B3: Seguradora | C3: valor

Sheet Sexta
A1: Data
A2: Sexta Feira | B2: Total | C2: =SUM(C4:C151) -> 0
A3: Placa | B3: Seguradora | C3: valor

Sheet Total da semana
A1: Total da semana
A3: =SUM(Segunda!C2,Terça!C2,Quarta!C2,Quinta!C2,Sexta!C2) -> 0

Sheet Relatorio
B1: Data | C1: vistorias | D1: Total valor
A2: Segunda-Feira | B2: =IFERROR(Segunda!$B$1,"") -> 46212 | C2: =COUNTA(Segunda!$A$4:$A$203) -> 0 | D2: =Segunda!C2 -> 0
A3: Terça-Feira | B3: =IFERROR(Terça!$B$1,"") -> 0 | C3: =COUNTA(Terça!$A$4:$A$203) -> 0 | D3: =Terça!$C$2 -> 0
A4: Quarta-Feira | B4: =IFERROR(Quarta!$B$1,"") -> 0 | C4: =COUNTA(Quarta!$A$4:$A$203) -> 0 | D4: =Quarta!$C$2 -> 0
A5: Quinta-Feira | B5: =IFERROR(Quinta!$B$1,"") -> 0 | C5: =COUNTA(Quinta!$A$4:$A$203) -> 0 | D5: =Quinta!$C$2 -> 0
A6: Sexta-Feira | B6: =IFERROR(Sexta!$B$1,"") -> 0 | C6: =COUNTA(Sexta!$A$4:$A$203) -> 0 | D6: =Sexta!$C$2 -> 0
A8: Totais: | C8: =SUM(C2:C6) -> 0 | D8: =SUM(D2:D6) -> 0
